{
  "generated_at": "2026-05-12T18:12:22.224052+00:00",
  "neural_network": {
    "optimizer": "Adam",
    "learning_rate": 0.001,
    "epochs_run": 119,
    "epochs_configured": 150,
    "early_stopping_patience": 15,
    "train_losses": [
      1.408074,
      1.285243,
      1.266445,
      1.2449,
      1.231959,
      1.219999,
      1.215762,
      1.201858,
      1.19238,
      1.195092,
      1.18843,
      1.191294,
      1.183605,
      1.174786,
      1.175821,
      1.170671,
      1.174408,
      1.168198,
      1.159331,
      1.165239,
      1.155576,
      1.157293,
      1.155575,
      1.150356,
      1.145616,
      1.14032,
      1.148794,
      1.142769,
      1.143507,
      1.139388,
      1.138593,
      1.134086,
      1.137275,
      1.130429,
      1.126269,
      1.127272,
      1.121893,
      1.120836,
      1.128444,
      1.114476,
      1.117499,
      1.121553,
      1.111419,
      1.117649,
      1.11527,
      1.110589,
      1.115527,
      1.111268,
      1.109599,
      1.110959,
      1.110303,
      1.105841,
      1.099179,
      1.10403,
      1.103067,
      1.108631,
      1.109468,
      1.113185,
      1.101042,
      1.106976,
      1.104155,
      1.103033,
      1.095588,
      1.091495,
      1.092723,
      1.092776,
      1.089384,
      1.093739,
      1.090087,
      1.084638,
      1.083872,
      1.090465,
      1.086234,
      1.08208,
      1.078144,
      1.09081,
      1.080494,
      1.085354,
      1.084682,
      1.094489,
      1.085933,
      1.08874,
      1.081637,
      1.088916,
      1.087419,
      1.083391,
      1.080919,
      1.077707,
      1.077369,
      1.076958,
      1.081324,
      1.073383,
      1.074353,
      1.084171,
      1.084867,
      1.08509,
      1.082493,
      1.072711,
      1.076339,
      1.076867,
      1.081363,
      1.076253,
      1.077902,
      1.072696,
      1.078891,
      1.076767,
      1.079508,
      1.081583,
      1.075157,
      1.075506,
      1.071943,
      1.07792,
      1.080033,
      1.076238,
      1.074565,
      1.0747,
      1.075573,
      1.072946,
      1.079872
    ],
    "val_losses": [
      1.28854,
      1.251098,
      1.230099,
      1.20924,
      1.195925,
      1.183326,
      1.175516,
      1.164549,
      1.162118,
      1.160114,
      1.151041,
      1.150819,
      1.14383,
      1.139704,
      1.134447,
      1.132347,
      1.127632,
      1.124755,
      1.119446,
      1.128864,
      1.115017,
      1.119219,
      1.11443,
      1.113099,
      1.107496,
      1.110124,
      1.100913,
      1.098708,
      1.098664,
      1.100494,
      1.098644,
      1.090493,
      1.093965,
      1.092656,
      1.090616,
      1.088166,
      1.079961,
      1.085218,
      1.080559,
      1.085391,
      1.079565,
      1.078954,
      1.082581,
      1.076546,
      1.075561,
      1.0816,
      1.071466,
      1.071822,
      1.076019,
      1.073988,
      1.075665,
      1.078081,
      1.071336,
      1.06137,
      1.070874,
      1.068035,
      1.073251,
      1.07093,
      1.066885,
      1.071537,
      1.061195,
      1.06024,
      1.059166,
      1.059102,
      1.057638,
      1.05259,
      1.055839,
      1.057664,
      1.055237,
      1.057042,
      1.053189,
      1.050866,
      1.053923,
      1.052933,
      1.053864,
      1.058766,
      1.056239,
      1.050752,
      1.048205,
      1.050427,
      1.04855,
      1.054943,
      1.05378,
      1.053341,
      1.049299,
      1.052148,
      1.059278,
      1.051065,
      1.050814,
      1.048121,
      1.047385,
      1.048429,
      1.049841,
      1.05319,
      1.053736,
      1.048856,
      1.049147,
      1.048458,
      1.049267,
      1.04607,
      1.046462,
      1.054597,
      1.049217,
      1.044048,
      1.045108,
      1.047113,
      1.045572,
      1.046963,
      1.053363,
      1.044815,
      1.051692,
      1.046666,
      1.046441,
      1.047508,
      1.044349,
      1.058027,
      1.045665,
      1.054446,
      1.044733
    ],
    "final_train_loss": 1.079872,
    "final_val_loss": 1.044733
  },
  "VQC": {
    "optimizer": "SPSA",
    "maxiter_configured": 150,
    "iterations_completed": 0,
    "loss_history": [],
    "final_loss": null,
    "convergence_rate": null,
    "training_time_s": 197.99,
    "n_params": 24,
    "status": "COBYLA completed with 0 callback iterations due to a known incompatibility between qiskit-machine-learning 0.9.0 VQC and qiskit-algorithms COBYLA optimizer interface. The VQC.fit() ran for 198.0s but the optimizer callback was never triggered. Predictions reflect the default-initialized (unoptimized) parameter state \u2014 effectively a random quantum circuit."
  }
}