{
  "generated_at": "2026-04-11T10:55:26.172755+00:00",
  "neural_network": {
    "optimizer": "Adam",
    "learning_rate": 0.001,
    "epochs_run": 125,
    "epochs_configured": 150,
    "early_stopping_patience": 15,
    "train_losses": [
      1.382704,
      1.274112,
      1.257787,
      1.241415,
      1.230851,
      1.219952,
      1.213389,
      1.198781,
      1.20164,
      1.189549,
      1.178676,
      1.185206,
      1.184919,
      1.178903,
      1.171757,
      1.172551,
      1.171339,
      1.167244,
      1.167271,
      1.150946,
      1.148503,
      1.151541,
      1.144219,
      1.148219,
      1.145547,
      1.145945,
      1.143233,
      1.146734,
      1.129781,
      1.135275,
      1.138336,
      1.14107,
      1.136839,
      1.135614,
      1.124846,
      1.124724,
      1.12993,
      1.12875,
      1.121596,
      1.132196,
      1.130091,
      1.123782,
      1.11243,
      1.119657,
      1.123088,
      1.118576,
      1.110185,
      1.110936,
      1.11665,
      1.112177,
      1.104612,
      1.105831,
      1.106847,
      1.113403,
      1.110703,
      1.100296,
      1.106211,
      1.107353,
      1.101909,
      1.100948,
      1.102085,
      1.10395,
      1.102416,
      1.098053,
      1.098942,
      1.100085,
      1.09509,
      1.10325,
      1.092209,
      1.093746,
      1.098564,
      1.09719,
      1.100615,
      1.092073,
      1.085458,
      1.100255,
      1.084651,
      1.085316,
      1.091763,
      1.089127,
      1.086964,
      1.089302,
      1.085598,
      1.085443,
      1.07827,
      1.083616,
      1.086985,
      1.075609,
      1.084235,
      1.076354,
      1.071404,
      1.076785,
      1.076147,
      1.08469,
      1.081006,
      1.075148,
      1.076781,
      1.086739,
      1.07244,
      1.085123,
      1.080314,
      1.073709,
      1.076424,
      1.071906,
      1.07721,
      1.071714,
      1.077182,
      1.081151,
      1.086118,
      1.065394,
      1.072475,
      1.070399,
      1.083722,
      1.073443,
      1.070969,
      1.075814,
      1.085949,
      1.072823,
      1.074366,
      1.08316,
      1.07437,
      1.074533,
      1.083535,
      1.078834,
      1.080959
    ],
    "val_losses": [
      1.280809,
      1.241684,
      1.222535,
      1.207274,
      1.197072,
      1.182453,
      1.175947,
      1.166432,
      1.159912,
      1.157342,
      1.148638,
      1.141869,
      1.141464,
      1.13559,
      1.127173,
      1.130792,
      1.129653,
      1.12319,
      1.123751,
      1.115132,
      1.114519,
      1.108901,
      1.113406,
      1.107584,
      1.103231,
      1.098142,
      1.105588,
      1.099285,
      1.095787,
      1.092946,
      1.093543,
      1.091991,
      1.08821,
      1.089607,
      1.089651,
      1.090715,
      1.087119,
      1.081352,
      1.082608,
      1.083414,
      1.084781,
      1.085443,
      1.07857,
      1.0785,
      1.078653,
      1.075922,
      1.073387,
      1.077407,
      1.067832,
      1.068003,
      1.063989,
      1.065781,
      1.071719,
      1.066841,
      1.064314,
      1.064996,
      1.061128,
      1.056853,
      1.061079,
      1.059135,
      1.059571,
      1.054896,
      1.060508,
      1.056888,
      1.054539,
      1.052594,
      1.052604,
      1.054262,
      1.056743,
      1.054585,
      1.053555,
      1.048617,
      1.052246,
      1.049658,
      1.053247,
      1.056476,
      1.048689,
      1.04954,
      1.045373,
      1.049356,
      1.047824,
      1.046632,
      1.047917,
      1.046764,
      1.048192,
      1.041385,
      1.04441,
      1.046917,
      1.043623,
      1.044852,
      1.043455,
      1.043873,
      1.04419,
      1.041997,
      1.045469,
      1.040968,
      1.039525,
      1.041974,
      1.039253,
      1.039861,
      1.038137,
      1.041852,
      1.040218,
      1.039105,
      1.047609,
      1.041661,
      1.040385,
      1.040822,
      1.045284,
      1.036948,
      1.049173,
      1.038906,
      1.037713,
      1.039017,
      1.045272,
      1.039449,
      1.041377,
      1.039775,
      1.044296,
      1.040158,
      1.045557,
      1.039128,
      1.049324,
      1.038925,
      1.067403
    ],
    "final_train_loss": 1.080959,
    "final_val_loss": 1.067403
  },
  "VQC": {
    "optimizer": "COBYLA",
    "maxiter_configured": 150,
    "iterations_completed": 0,
    "loss_history": [],
    "final_loss": null,
    "convergence_rate": null,
    "training_time_s": 197.99,
    "n_params": 24,
    "status": "COBYLA completed with 0 callback iterations due to a known incompatibility between qiskit-machine-learning 0.9.0 VQC and qiskit-algorithms COBYLA optimizer interface. The VQC.fit() ran for 198.0s but the optimizer callback was never triggered. Predictions reflect the default-initialized (unoptimized) parameter state \u2014 effectively a random quantum circuit."
  }
}