{
  "generated_at": "2026-05-12T18:12:22.217063+00:00",
  "models": {
    "random_forest": {
      "type": "classical",
      "accuracy": 0.5204560697518444,
      "f1_macro": 0.4342422247465265,
      "precision_macro": 0.4221472660890614,
      "recall_macro": 0.4601505520534559,
      "n_test": 1491,
      "prediction_time_s": 0.0885
    },
    "svm": {
      "type": "classical",
      "accuracy": 0.4151576123407109,
      "f1_macro": 0.4050203718392356,
      "precision_macro": 0.4035895122540188,
      "recall_macro": 0.4821835979377793,
      "n_test": 1491,
      "prediction_time_s": 0.4757
    },
    "xgboost": {
      "type": "classical",
      "accuracy": 0.6317907444668008,
      "f1_macro": 0.43191082494523175,
      "precision_macro": 0.5933086397335102,
      "recall_macro": 0.4021223168483159,
      "n_test": 1491,
      "prediction_time_s": 0.0803
    },
    "neural_network": {
      "type": "classical",
      "accuracy": 0.5928906773977196,
      "f1_macro": 0.2809737917353286,
      "precision_macro": 0.7562291554599246,
      "recall_macro": 0.28942579534902013,
      "n_test": 1491,
      "prediction_time_s": 0.0494
    },
    "QSVC": {
      "type": "quantum",
      "accuracy": 0.2528504359490275,
      "f1_macro": 0.22947219775185781,
      "precision_macro": 0.24882065356742727,
      "recall_macro": 0.26925797778678284,
      "n_test": 1491,
      "prediction_time_s": 2078.5975
    },
    "VQC": {
      "type": "quantum",
      "accuracy": 0.3199195171026157,
      "f1_macro": 0.1401568853129101,
      "precision_macro": 0.13506221586278097,
      "recall_macro": 0.1979583258271783,
      "n_test": 1491,
      "prediction_time_s": 4.8407
    }
  }
}