model,accuracy,f1_macro,precision_macro,recall_macro,training_time_s,prediction_time_s
random_forest,0.5264922870556673,0.44182509920619006,0.42881399955266986,0.46779662450312004,,0.04497790000459645
xgboost,0.6317907444668008,0.43191082494523175,0.5933086397335102,0.4021223168483159,,0.09127730000182055
svm,0.4151576123407109,0.4050203718392356,0.4035895122540188,0.4821835979377793,,0.4537653000006685
neural_network,0.5855130784708249,0.2677892511773515,0.6793105983330117,0.2806138689283523,,0.16402700000617187
QSVC,0.2562038900067069,0.2300659798006484,0.2475335743193953,0.2675164318595765,,3.9998849388211966e-07
VQC,0.3199195171026157,0.1401568853129101,0.13506221586278097,0.1979583258271783,,2.00001522898674e-07
